{"AppName":"improvegeneratorapp","AppID":"appimprovegeneratorapp202012326cb7bdde2e44","ApiUrlDev":"http://127.0.0.1:3000/","FileUrlDev":"http://127.0.0.1:9090/","ApiUrlProd":"https://jetanswer.com/apps/appimprovegeneratorapp202012326cb7bdde2e44/","FileUrlProd":"https://file.tooap.com/appimprovegeneratorapp202012326cb7bdde2e44/","FileDirDev":"example-s4s5f6c8","AppLocationDisk":"/home/devtooap/go//src/generatedAppsappimprovegeneratorapp202012326cb7bdde2e44/","AppColor":"#0000FF","AppIcon":"","AppBkg":"","CameraOption":false,"PassWord":"4931271bf0","PasssRoot":"f150e4cd626d","AdminKey":"NONE","RootKey":"NONE"}